metric,value
sim_statement_median,0.14139935307152962
sim_statement_p95,0.21400163830946264
sim_solution_median,0.008314984436495327
sim_solution_p95,0.060939826728342875
