level,n,avg_words,med_words,avg_sents,med_sents
macro,484,25.667355371900825,25.0,1.0888429752066116,1.0
structural,485,29.83298969072165,29.0,1.1484536082474226,1.0
specific,488,32.38319672131148,31.0,1.165983606557377,1.0
very_specific,58,30.103448275862068,28.5,1.0517241379310345,1.0
